Workbook

Sheet Stammdaten
A3: Firma / Herr / Frau
A4: Zusatz
A5: Ansprechpartner
A6: Anschrift
A7: PLZ und Ort
A8: Telefon
A9: Fax
A10: Mobil
A11: e-mail
A13: Objekt : Straße, PLZ Ort:
A14: Rechnungsanschrift :
A15: Rhythmus
... A18: Notizen

Sheet Kalk. UR
A1: Kunde : | D1: UR
A3: Firma / Herr / Frau | B3: =Stammdaten!B3 -> 0 | J3: Bodenbeläge | N3: MA | O3: Rythmen
A4: Zusatz | B4: =Stammdaten!B4 -> 0 | J4: Betonwerkstein | M4: BTW | N4: Fö | O4: 1x | P4: 4.33
A5: Ansprechpartner | B5: =Stammdaten!B5 -> 0 | J5: Designboden mit Struktur | M5: DBS | N5: JL | O5: 2x | P5: 8.66
A6: Anschrift | B6: =Stammdaten!B6 -> 0 | J6: Designboden ohne Struktur | M6: DBOS | N6: Hae | O6: 2,5x | P6: 10.83
A7: PLZ und Ort | B7: =Stammdaten!B7 -> 0 | J7: Elastomerbelag | M7: Noppe | N7: WB | O7: 3x | P7: 12.99
A8: Telefon | B8: =Stammdaten!B8 -> 0 | J8: Fliese | M8: FL | N8: SB | O8: 4x | P8: 17.32
A9: Fax | B9: =Stammdaten!B9 -> 0 | J9: Holzdiele | M9: Diele | N9: TW | O9: 5x | P9: 21.65
A10: Mobil | B10: =Stammdaten!B10 -> 0 | J10: Kugelg./FL | M10: KG/FL | O10: 6x | P10: 26
A11: e-mail | B11: =Stammdaten!B11 -> 0 | J11: Linoleum | M11: Lino | O11: 7x | P11: 30.42
B12: =Stammdaten!B12 -> 0 | J12: Nadelflies | M12: NF | O12: 2x monatl. | P12: 2
A13: Objekt: Straße, PLZ Ort | B13: =Stammdaten!B13 -> 0 | J13: Parkett | M13: Park. | O13: 1x monatl. | P13: 1
J14: PVC | M14: PVC | O14: 14 -tägig | P14: 2.17
A15: Rechnungsanschrift : | B15: =Stammdaten!B14 -> 0 | J15: sonstiges (Definition unter d. kalk) | M15: sonst | O15: sonstiges
J16: Estrich | M16: Estrich
A17: Reinigungszeit : | B17: =Stammdaten!B16 -> 0 | J17: Beton | M17: Beton
J18: Stein | M18: Stein
J19: Teppich | M19: Tepp
A22: Raumbezeichnung | B22: Belag | C22: Anzahl | D22: Länge | E22: Breite | F22: m²-Fläche | G22: m²-Schn. | H22: Ryth. | I22: Std.lohn. | J22: Total | K22: Zeit | R22: Rhythmus- kontrolle
D23: m | E23: m | K23: 1x alle | L23: Mo | M23: DI | N23: Mi | O23: Do | P23: Fr | Q23: mtl.
I24: EUR
F26: =SUM(C26*D26*E26) -> 0 | H26: 4.33 | I26: =$I$23 -> 0 | J26: =IFERROR((F26/G26*I26*H26),"") | K26: =IFERROR((F26/G26),"") | L26: =K26 | M26: =K26 | N26: =K26 | O26: =K26 | P26: =K26 | Q26: =K26 | R26: =IF(H26<2.17,IF(Q26=0,"Fehler",""),IF(H26/4.33=COUNT(L26:P26),"","Fehler")) -> Fehler
A28: TOTAL | F28: =SUM(F26) -> 0 | J28: =SUM(J26) -> 0 | K28: =SUM(K26) -> 0 | L28: =SUM(L26) -> 0 | M28: =SUM(M26) -> 0 | N28: =SUM(N26) -> 0 | O28: =SUM(O26) -> 0 | P28: =SUM(P26) -> 0 | Q28: =SUM(Q26) -> 0 | R28: =SUM(L28:P28) -> 0 | S28: 4.33 | T28: =SUM(R28*S28) -> 0 | U28: =T28+Q27 -> 0 | V28: =SUM(U28*I23) -> 0
A30: An- und Abfahrt | F30: 0 | G30: 100 | H30: =MAX(H26) -> 4.33 | I30: =$I$23 -> 0 | J30: =ROUND(F30/G30*I30*H30,2) -> 0 | K30: =F30/G30 -> 0 | L30: =K30 -> 0 | M30: =K30 -> 0 | N30: =K30 -> 0 | O30: =K30 -> 0 | P30: =K30 -> 0 | Q30: =K30 -> 0
A31: zeitlich erweitert | F31: 0 | G31: 100 | H31: =MAX(H26) -> 4.33 | I31: =$I$23 -> 0 | J31: =ROUND(F31/G31*I31*H31,2) -> 0 | K31: =F31/G31 -> 0 | L31: =K31 -> 0 | M31: =K31 -> 0 | N31: =K31 -> 0 | O31: =K31 -> 0 | P31: =K31 -> 0 | Q31: =K31 -> 0
A33: Angebotssumme EURO | J33: =SUM(J28,J30:J31) -> 0 | K33: =SUM(K28,K30:K31) -> 0 | L33: =SUM(L28,L30:L31) -> 0 | M33: =SUM(M28,M30:M31) -> 0 | N33: =SUM(N28,N30:N31) -> 0 | O33: =SUM(O28,O30:O31) -> 0 | P33: =SUM(P28,P30:P31) -> 0 | Q33: =SUM(Q28,Q30:Q31) -> 0 | R33: =SUM(L33:P33) -> 0 | S33: 4.33 | T33: =SUM(R33*S33) -> 0 | U33: =T33+Q33 -> 0 | V33: =SUM(U33*I23) -> 0
A35: Lohnerhöhung inkl.
A36: tarifl. Erhöhung | J36: =SUM(J33*J35) -> 0
A37: Preis im nächsten Jahr | J37: =SUM(J33,J36) -> 0

Sheet LV Deckblatt
A3: Leistungsverzeichnis | H3: Hinweise: Die allgemeinen Verkehrsflächen werden bearbeitet, soweit diese frei zugänglich sind. Wir bitten um Verständnis, dass wir Dekorationsgegenstände (z. B. Blumentöpfe u.ä.) und/oder Möbelstücke nicht umsetzen können. EDV- und PC-Hardware-Komponenten sind vom Leistungsumfang ausgenommen. Keller- und Bodenbereiche sind ebenfalls vom Leistungsumfang ausgeschlossen. Die Reinigung von Waschküchen und Trockenräumen kann nur ohne aufgehängte Wäschestücke erfolgen. Bauseitig ist durch den Auftraggeber eine kostenfreie Entsorgung der Abfälle vor Ort zu gewährleisten. Die entsprechenden hygienischen Verbrauchsartikel (wie WC- und Handtuchpapier, Seife u.ä.) sind nicht im Leistungsumfang enthalten und können auf Wunsch angeboten werden. Begriffserklärung: Sichtreinigung: Hierbei werden punktuell grobe, lose aufliegende Schmutzansammlungen (z.B. Papierknäuel) entfernt. Griffspuren entfernen: Das Entfernen der Griffspuren umfasst die gezielte Reinigung von Flächen, die häufig berührten Bereichen. Dies umfasst Türgriffe, Türblattkanten, Licht-schalter, Steckdosen, Möbeloberflächen u.ä. Hierbei werden gezielt Kontaktverschmutzungen entfernt. Versorgen: Der Begriff „Versorgen“ bezieht sich auf die Befüllung und das Nachlegen von Hygieneartikeln, mit vom Auftraggeber bereitsgestellten Hygieneartikeln (z. B. WC-Papier, Papierhandtücher, Seife u. Ä.). Zwei-stufiges Wischen / Naßwischen: Im ersten Arbeitsgang wird mit einem nassen, wenig entfeuchteten Mopp soviel Reinigungsflüssigkeit auf den Belag gebracht, dass haftende wassergebundene Verschmutzungen aufgeweicht bzw. abgelöst werden. In der zweiten Arbeitsstufe wird die Schmutzflotte wieder mit trockenen oder stark entwässerten Wischbezügen aufgenommen. Der Reinigungseffekt ist i.d.R. besser als beim einstufigen Nasswischverfahren. Zusätzlich tocknet die Fläche schneller ab, so dass Rutschgefahren verringert werden. Ein-stufiges Wischen / Feuchtwischen: Einstufiges Wischen ist ein Reinigungsverfahren, bei dem der Boden in einem einzigen Arbeitsgang gereinigt wird. Dabei wird ein wenig entwässerter Wischbezug verwendet, und die Flüssigkeit trocknet anschließend ab, wobei ein Teil des Schmutzes möglicherweise zurückbleibt. Es ist für empfindliche Böden geeignet zb für Holzböden. Zusätzliche Informationen finden Sie auf der Internetpräsenz des Qualitätsverbunds Gebäudedienste. https://www.qv-gebaeudedienste.de/
A10: Kunde: | B10: =Stammdaten!B3 -> 0
A12: Objekt: | B12: =Stammdaten!B13 -> 0
A14: Version: | D14: Datum:
A16: Erstellt von:
A18: Rhythmus:
A20: Objektleiterin:
A22: Kontakt Objektleiterin:
A25: Kontakt Zentrale: | C25: K. Guttau GmbH & Co. KG Schlehenkamp 13-15 24146 Kiel
A28: Rufnummer Zentrale: | C28: 0431/780580
A29: Mailadresse Zentrale: | C29: info@guttau.de

Sheet Leistungsverzeichnis
A1: Leistungsverzeichnis für | D1: Objekt: | G1: =Stammdaten!B13 -> 0 | AQ1: VERSION: | AT1: 1 | AX1: GUTTAU
AL2: Seite 1 | AQ2: DATUM | AW2: JL
A3: Reinigungshäufigkeit | D3: Bodenreinigungsarbeiten | J3: Reinigung von Ausstattungen und Einrichtungen | AJ3: Sonstiges
A4: 7xwöchentlich = 7 6xwöchentlich = 6 5xwöchentlich = 5 4xwöchentlich = 4 3xwöchentlich = 3 2/3xwöchentlich = 2,5 2xwöchentlich = 2 1xwöchentlich = 1 2xmonatlich = 2M 1xmonatlich = M nach Bedarf | B4: R = Reinigen, R* = Reinigen äußerl., S = Saugen; L = Leeren, E = Entstauben, G = Griffspuren entfernen, V = Versorgen, Lf = Liefern; n.B.= nach Bedarf | D4: Kehren | E4: 2-stufig wischen | F4: Saugen, komplett | G4: kehren/Saugen, auf Sicht | H4: masch. Bodenreinigung | I4: Schmutfangmatten saugen | J4: Aschenbecher | K4: Abfallbehälter + | L4: Papierkörbe | M4: freigeräum. Schreib- | N4: und Beistelltische | O4: Telefone | P4: Tisch- und Stühlbeine | Q4: Heizkörper u. Rohre | R4: soweit frei zugänig | S4: Fensterbänke, Kabelkanäle | T4: soweit frei zugängig | U4: Polstermöbel | W4: Zimmertüren u. Zargen | Y4: Möbelfronten, außens., | Z4: soweit frei zugängig, | AA4: BIS max. 1,70m Höhe | AB4: Schrankoberseiten | AC4: BIS max. 1,70m Höhe | AD4: Lichtschalter, Steckdosen | AE4: Bilderrahmen | AF4: Spinnweben entfern. | AG4: Feuerlöscher, -melder | AH4: Handläufe und | AI4: Fuß- / Sockelleisten | AJ4: Briefkastenanlage | AK4: Abwasch per Hand | AL4: Geschirrspüler ein-/aus- | AM4: Treppengeländer kompl. | AQ4: Spülen, Arbeitsflächen | AR4: Sanitärobjekte, | AS4: einschl. Armaturen | AT4: Spiegel, Ablagen | AU4: Wandfliesen im | AV4: Spritzbereich | AW4: Wandfliesen + WC-Trenn- | AX4: wände Gesamtfläche | AY4: Wannen + Duschen | AZ4: WC - Bürstenhalter | BA4: Seifen- und | BB4: Papierspender
A5: 8xjährl.=8J 6xjährl.=6J 4xjährl.=4J 2xjährl.=2J 1xjährl.=1J | J5: R | K5: L | L5: R | M5: R* | N5: E | O5: E | P5: R* | Q5: R* | R5: E | S5: R | T5: E | U5: E | V5: S | W5: G | X5: R | Y5: G | Z5: R* | AB5: R | AC5: E | AD5: G | AE5: E | AF5: E | AG5: E | AH5: R | AI5: E | AJ5: E | AM5: E | AQ5: R | AR5: R | AT5: R | AU5: R | AW5: R | AY5: R | AZ5: R | BA5: R* | BB5: V
A6: Raumart

Sheet Aufmaß Glas
B1: Aufmaßliste - Fenster | F1: DATUM | J1: weitergeleitet - DATUM
A3: Name 1 | B3: =Stammdaten!B3 -> 0
A4: Name 2 | B4: =Stammdaten!B4 -> 0
A5: Name 3 | B5: =Stammdaten!B5 -> 0
A6: Anschrift | B6: =Stammdaten!B6 -> 0
A7: PLZ und Ort | B7: =Stammdaten!B7 -> 0
A8: Telefon | B8: =Stammdaten!B8 -> 0
A9: Fax | B9: =Stammdaten!B9 -> 0
A10: Mobil | B10: =Stammdaten!B10 -> 0
A11: e-mail | B11: =Stammdaten!B11 -> 0
A13: Objekt | B13: =Stammdaten!B13 -> 0 | G13: € / qm = | H13: 0 | I13: Std.satz = | J13: 0
A14: Rhythmus | B14: =Stammdaten!B15 -> 0
A19: lfd. Nr. | B19: Bezeichnung | C19: Anzahl | D19: Höhe | E19: Breite | F19: Fläche | G19: Gesamtfläche | H19: Preis / qm | I19: Gesamtpreis | J19: Std.satz | K19: Gesamt-Std. | L19: qm / Std.
A21: lfn. 1 | F21: =D21*E21 -> 0 | G21: =C21*F21 -> 0 | H21: =$H$13 -> 0 | I21: =G21*H21 -> 0 | J21: =$J$13 -> 0 | K21: =I21/J21 -> #DIV/0! | L21: =G21/K21 -> #DIV/0!
B23: Summe | C23: =SUM(C21) -> 0 | G23: =SUM(G21) -> 0 | I23: =SUM(I21) -> 0 | K23: =SUM(K21) -> #DIV/0!
A26: Pos. 1 | B26: Glasreinigung
B27: 1 x 1/4-jährlich, von innen und außen | C27: =SUM(G23) -> 0 | D27: qm | E27: =G27/C27 -> #DIV/0! | F27: EURO | G27: =SUM(I23) -> 0 | H27: pro Rein. => | I27: =G27/J13 -> #DIV/0! | J27: ZE = > | K27: =C27/I27 -> #DIV/0! | L27: qm / Std
A30: Pos. 2 | B30: Rahmenreinigung
B31: 1 x 1/2-jährlich, von innen und außen | C31: =C35 -> 0 | D31: qm | E31: =G31/C31 -> #DIV/0! | F31: EURO | G31: =G27*0.35 -> 0 | H31: pro Rein. => | I31: =G31/J13 -> #DIV/0! | J31: ZE = > | K31: =C31/I31 -> #DIV/0! | L31: qm / Std
A34: Pos. 3 | B34: Rahmenreinigung inkl. Falze
B35: 1 x 1/2-jährlich, von innen und außen | C35: =C39 -> 0 | D35: qm | E35: =G35/C35 -> #DIV/0! | F35: EURO | G35: =G27*0.75 -> 0 | H35: pro Rein. => | I35: =G35/J13 -> #DIV/0! | J35: ZE = > | K35: =C35/I35 -> #DIV/0! | L35: qm / Std
A38: Pos. 4 | B38: An-/Abfahrt | F38: EURO
B41: Gesamt

Sheet Aufmaß Boden
A1: Aufmaßliste - Reinigung | F1: DATUM
A3: Name 1 | B3: =Stammdaten!B3 -> 0 | F3: KD-Nr.:
A4: Name 2 | B4: =Stammdaten!B4 -> 0
A5: Name 3 | B5: =Stammdaten!B5 -> 0
A6: Anschrift | B6: =Stammdaten!B6 -> 0
A7: PLZ und Ort | B7: =Stammdaten!B7 -> 0
A8: Telefon | B8: =Stammdaten!B8 -> 0
A9: Fax | B9: =Stammdaten!B9 -> 0
A10: Mobil | B10: =Stammdaten!B10 -> 0
A11: e-mail | B11: =Stammdaten!B11 -> 0
A13: Objekt | B13: =Stammdaten!B13 -> 0 | H13: € / qm = | I13: 0 | J13: Std.satz = | K13: 0
A14: Rhythmus | B14: =Stammdaten!B15 -> 0
A16: lfd.Nr. | B16: Bezeichnung | C16: Bodenart | D16: Anzahl | E16: Länge m | F16: Breite m | G16: qm einzelnd | H16: qm gesamt | I16: Preis / qm | J16: Gesamtpreis | K16: Std.satz | L16: Gesamt-Std. | M16: qm / Std.
A18: lfn. 1 | G18: =E18*F18 -> 0 | H18: =D18*G18 -> 0 | I18: =$I$13 -> 0 | J18: =H18*I18 -> 0 | K18: =$K$13 -> 0 | L18: =J18/K18 -> #DIV/0! | M18: =H18/L18 -> #DIV/0!
B20: SUMME total | H20: =SUM(H18) -> 0 | J20: =SUM(J18) -> 0 | L20: =SUM(L18) -> #DIV/0!
